filename,classes,xmin,ymin,xmax,ymax
J01_2018.06.16 10_24_16.jpg,修印,1345,1157,1761,1266
J01_2018.06.22 08_45_25.jpg,剪洞,1205,716,1351,792
J01_2018.06.23 09_09_55.jpg,剪洞,1206,1136,1564,1318
J01_2018.06.23 13_28_32.jpg,剪洞,460,466,518,538
J01_2018.06.26 09_55_27.jpg,剪洞,2200,1000,2262,1062
J01_2018.06.26 14_01_55.jpg,剪洞,113,662,149,701
J01_2018.06.13 13_52_56.jpg,厚段,5,1383,2557,1583
J01_2018.06.16 10_35_51.jpg,厚薄段,61,675,2544,846
J01_2018.06.16 10_51_31.jpg,吊弓,1707,56,1807,1607
J01_2018.06.17 14_37_37.jpg,吊弓,1785,24,1855,1003
J01_2018.06.27 13_29_13.jpg,吊弓,1334,746,1374,1421
J01_2018.06.13 13_25_43.jpg,吊纬,83,1326,2532,1407
J01_2018.06.13 13_31_01.jpg,吊纬,1574,288,2347,392
J01_2018.06.16 09_18_16.jpg,吊纬,25,787,2241,852
J01_2018.06.17 09_09_56.jpg,吊纬,131,681,733,734
J01_2018.06.17 09_44_08.jpg,吊纬,25,710,2035,854
J01_2018.06.17 13_32_02.jpg,吊纬,1021,850,2001,978
J01_2018.06.13 13_44_46.jpg,吊经,988,502,2106,675
J01_2018.06.13 14_05_24.jpg,吊经,1437,815,1530,1430
J01_2018.06.13 14_09_06.jpg,吊经,1685,548,1755,1457
J01_2018.06.16 09_06_55.jpg,吊经,1224,584,1317,1554
J01_2018.06.16 09_24_40.jpg,吊经,775,869,885,1569
J01_2018.06.16 09_42_16.jpg,吊经,1341,10,1424,1910
J01_2018.06.16 09_55_56.jpg,吊经,1305,241,1368,1124
J01_2018.06.16 09_56_35.jpg,吊经,1559,17,1656,1055
J01_2018.06.16 10_41_08.jpg,吊经,773,573,832,1283
J01_2018.06.17 08_58_03.jpg,吊经,1137,476,1240,1382
J01_2018.06.17 09_11_23.jpg,吊经,1255,644,1349,1898
J01_2018.06.17 09_47_15.jpg,吊经,1681,110,1763,1700
J01_2018.06.17 10_13_00.jpg,吊经,1169,62,1257,1644
J01_2018.06.17 13_25_49.jpg,吊经,1551,338,1649,1328
J01_2018.06.17 13_26_51.jpg,吊经,1261,344,1329,1754
J01_2018.06.17 14_27_22.jpg,吊经,1197,520,1323,1214
J01_2018.06.17 14_36_08.jpg,吊经,669,260,763,1160
J01_2018.06.17 14_41_52.jpg,吊经,1215,32,1289,1780
J01_2018.06.19 08_39_12.jpg,吊经,1534,31,1624,1470
J01_2018.06.19 08_43_17.jpg,吊经,1854,14,1923,1913
J01_2018.06.19 08_55_05.jpg,吊经,2012,14,2074,1902
J01_2018.06.19 09_16_36.jpg,吊经,150,250,193,837
J01_2018.06.19 09_38_19.jpg,吊经,81,1328,163,1777
J01_2018.06.19 09_42_13.jpg,吊经,1661,22,1717,1906
J01_2018.06.19 10_00_27.jpg,吊经,679,170,805,1807
J01_2018.06.19 10_06_31.jpg,吊经,1385,642,1509,889
J01_2018.06.19 10_12_59.jpg,吊经,1183,24,1291,1841
J01_2018.06.19 10_13_35.jpg,吊经,1558,11,1623,1903
J01_2018.06.19 10_25_31.jpg,吊经,576,878,1721,933
J01_2018.06.19 10_27_05.jpg,吊经,2365,613,2415,1649
J01_2018.06.19 10_31_01.jpg,吊经,1070,84,1140,1654
J01_2018.06.19 13_29_54.jpg,吊经,1230,596,1307,767
J01_2018.06.19 13_37_56.jpg,吊经,1365,26,1450,1739
J01_2018.06.19 13_45_36.jpg,吊经,1025,69,1115,1444
J01_2018.06.19 14_11_29.jpg,吊经,1420,630,1487,796
J01_2018.06.19 14_33_46.jpg,吊经,1077,213,1143,1085
J01_2018.06.19 14_44_09.jpg,吊经,1390,547,1446,819
J01_2018.06.19 15_13_53.jpg,吊经,1478,876,1526,1453
J01_2018.06.19 15_36_52.jpg,吊经,1107,5,1182,542
J01_2018.06.20 14_14_30.jpg,吊经,213,139,347,1527
J01_2018.06.20 15_00_26.jpg,吊经,2164,29,2284,1919
J01_2018.06.20 15_01_47.jpg,吊经,1342,1,1423,1536
J01_2018.06.20 15_08_14.jpg,吊经,1269,13,1363,1870
J01_2018.06.20 15_20_54.jpg,吊经,2115,11,2201,965
J01_2018.06.20 15_26_41.jpg,吊经,1464,2,1583,1763
J01_2018.06.20 15_34_17.jpg,吊经,1393,10,1537,1905
J01_2018.06.20 15_43_44.jpg,吊经,2098,423,2167,1655
J01_2018.06.22 08_40_55.jpg,吊经,1223,5,1326,720
J01_2018.06.22 08_58_13.jpg,吊经,1871,5,1941,1558
J01_2018.06.22 09_15_52.jpg,吊经,1971,697,2217,841
J01_2018.06.22 09_16_37.jpg,吊经,1699,988,1787,1906
J01_2018.06.22 09_17_23.jpg,吊经,1789,12,1917,1304
J01_2018.06.22 09_41_03.jpg,吊经,1449,13,1529,1449
J01_2018.06.22 10_08_59.jpg,吊经,1141,771,1219,1363
J01_2018.06.22 10_15_26.jpg,吊经,1188,5,1259,975
J01_2018.06.22 10_40_08.jpg,吊经,1232,150,1351,1366
J01_2018.06.22 15_05_46.jpg,吊经,2192,14,2281,1709
J01_2018.06.22 15_29_49.jpg,吊经,2223,362,2331,1140
J01_2018.06.22 15_33_26.jpg,吊经,1319,2,1405,1704
J01_2018.06.22 15_52_58.jpg,吊经,733,818,813,1658
J01_2018.06.22 16_13_34.jpg,吊经,1524,10,1572,1828
J01_2018.06.23 08_37_19.jpg,吊经,1290,620,1438,972
J01_2018.06.23 08_42_51.jpg,吊经,876,87,1131,1012
J01_2018.06.23 08_45_04.jpg,吊经,1710,12,1780,1904
J01_2018.06.23 09_03_13.jpg,吊经,1844,104,1938,1226
J01_2018.06.23 09_24_42.jpg,吊经,1908,11,2028,1909
J01_2018.06.23 09_59_45.jpg,吊经,896,714,1053,909
J01_2018.06.23 10_18_31.jpg,吊经,1436,120,1504,1022
J01_2018.06.23 10_20_10.jpg,吊经,1400,11,1475,1889
J01_2018.06.23 10_28_59.jpg,吊经,1113,730,1176,863
J01_2018.06.23 10_29_22.jpg,吊经,2310,756,2362,1438
J01_2018.06.23 10_38_10.jpg,吊经,471,1299,503,1654
J01_2018.06.23 13_49_35.jpg,吊经,2258,564,2324,1436
J01_2018.06.23 14_07_38.jpg,吊经,1931,347,2000,1881
J01_2018.06.25 09_00_19.jpg,吊经,1676,784,1748,1730
J01_2018.06.25 09_03_56.jpg,吊经,1265,247,1310,1140
J01_2018.06.25 13_58_48.jpg,吊经,543,456,602,1611
J01_2018.06.25 14_04_21.jpg,吊经,928,689,959,1084
J01_2018.06.25 14_14_01.jpg,吊经,1084,702,1230,1206
J01_2018.06.25 14_16_49.jpg,吊经,1352,487,1412,942
J01_2018.06.25 14_21_57.jpg,吊经,1714,314,1833,1362
J01_2018.06.25 14_32_39.jpg,吊经,839,460,916,1898
J01_2018.06.25 15_07_45.jpg,吊经,1552,523,1631,1056
J01_2018.06.25 15_09_09.jpg,吊经,1395,599,1491,1099
J01_2018.06.26 08_48_17.jpg,吊经,1162,386,1222,1902
J01_2018.06.26 08_57_06.jpg,吊经,368,41,426,774
J01_2018.06.26 09_29_47.jpg,吊经,1286,12,1326,1358
J01_2018.06.26 09_35_23.jpg,吊经,862,610,1046,1746
J01_2018.06.26 09_36_07.jpg,吊经,772,748,956,1808
J01_2018.06.26 13_21_42.jpg,吊经,714,846,780,953
J01_2018.06.26 13_24_39.jpg,吊经,238,12,360,1504
J01_2018.06.26 13_29_21.jpg,吊经,608,724,694,1846
J01_2018.06.26 13_30_58.jpg,吊经,282,1390,356,1884
J01_2018.06.26 13_31_22.jpg,吊经,1732,730,1808,1916
J01_2018.06.26 13_31_40.jpg,吊经,1290,386,1346,1898
J01_2018.06.26 13_53_34.jpg,吊经,1666,20,1734,1078
J01_2018.06.26 13_57_55.jpg,吊经,2138,12,2236,500
J01_2018.06.26 14_09_44.jpg,吊经,2336,68,2404,1002
J01_2018.06.26 15_34_43.jpg,吊经,433,114,533,1829
J01_2018.06.26 15_52_33.jpg,吊经,2096,10,2158,1498
J01_2018.06.26 15_55_51.jpg,吊经,1742,12,1798,1304
J01_2018.06.27 08_45_26.jpg,吊经,444,386,509,1550
J01_2018.06.27 08_51_18.jpg,吊经,1154,20,1236,1632
J01_2018.06.27 09_04_19.jpg,吊经,1234,4,1351,1920
J01_2018.06.27 09_22_45.jpg,吊经,1722,8,1780,1911
J01_2018.06.27 09_23_11.jpg,吊经,1328,5,1375,1553
J01_2018.06.27 09_28_41.jpg,吊经,1332,246,1470,574
J01_2018.06.27 09_29_05.jpg,吊经,1352,1042,1444,1696
J01_2018.06.27 09_31_16.jpg,吊经,718,310,794,1186
J01_2018.06.27 09_44_54.jpg,吊经,1118,8,1190,1498
J01_2018.06.27 09_45_40.jpg,吊经,1443,1475,1495,1775
J01_2018.06.27 09_47_38.jpg,吊经,2352,756,2396,1486
J01_2018.06.27 09_49_59.jpg,吊经,1430,9,1497,1634
J01_2018.06.27 09_54_49.jpg,吊经,1906,380,1954,688
J01_2018.06.27 09_59_46.jpg,吊经,1766,2,1836,1916
J01_2018.06.27 13_37_56.jpg,吊经,1267,194,1371,647
J01_2018.06.27 13_52_29.jpg,吊经,1348,542,1428,1652
J01_2018.06.27 13_54_44.jpg,吊经,1384,564,1450,1554
J01_2018.06.27 14_13_50.jpg,吊经,1276,675,1340,1077
J01_2018.06.27 14_42_14.jpg,吊经,1376,1,1422,481
J01_2018.06.27 15_12_04.jpg,吊经,1294,2,1342,984
J01_2018.06.27 15_13_39.jpg,吊经,1278,504,1386,740
J01_2018.06.28 13_14_56.jpg,吊经,1156,6,1232,1898
J01_2018.06.28 13_16_50.jpg,吊经,1294,4,1380,1448
J01_2018.06.28 13_20_55.jpg,吊经,184,425,255,1240
J01_2018.06.28 13_22_25.jpg,吊经,934,12,1016,1908
J01_2018.06.28 13_52_43.jpg,吊经,2178,406,2260,852
J01_2018.06.28 13_56_45.jpg,吊经,1217,310,1271,706
J01_2018.06.28 13_57_37.jpg,吊经,1088,954,1161,1878
J01_2018.06.28 13_59_46.jpg,吊经,416,4,518,1910
J01_2018.06.28 14_23_10.jpg,吊经,1717,1,1769,677
J01_2018.06.28 14_51_12.jpg,吊经,1268,803,1332,1318
J01_2018.06.28 15_19_28.jpg,吊经,1827,5,1893,840
J01_2018.06.28 15_23_27.jpg,吊经,2008,2,2070,1730
J01_2018.06.28 15_38_48.jpg,吊经,2044,4,2110,1250
J01_2018.06.17 10_14_51.jpg,回边,522,430,632,1054
J01_2018.06.19 13_58_45.jpg,回边,340,284,467,1381
J01_2018.06.20 09_01_57.jpg,回边,223,117,342,1856
J01_2018.06.25 08_44_28.jpg,回边,2143,22,2258,1709
J01_2018.06.25 10_18_54.jpg,回边,2278,689,2503,1701
J01_2018.06.26 10_13_01.jpg,回边,291,44,376,821
J01_2018.06.19 13_51_56.jpg,夹码,317,71,2217,189
J01_2018.06.13 13_50_00.jpg,嵌结,1701,1084,1885,1168
J01_2018.06.16 09_25_46.jpg,嵌结,784,423,871,541
J01_2018.06.16 10_47_41.jpg,嵌结,889,746,954,872
J01_2018.06.17 15_54_56.jpg,嵌结,1119,895,1279,961
J01_2018.06.19 14_09_35.jpg,嵌结,1434,858,1508,924
J01_2018.06.22 15_10_55.jpg,嵌结,1183,584,1243,670
J01_2018.06.22 15_23_41.jpg,嵌结,2293,953,2477,1011
J01_2018.06.28 14_00_18.jpg,嵌结,1770,384,1840,458
J01_2018.06.16 09_49_21.jpg,弓纱,1700,1019,2200,1077
J01_2018.06.17 13_34_46.jpg,弓纱,2095,26,2181,1354
J01_2018.06.17 15_13_34.jpg,弓纱,505,36,581,1882
J01_2018.06.17 15_38_41.jpg,弓纱,1245,7,1298,516
J01_2018.06.22 10_26_58.jpg,弓纱,1525,4,1600,1583
J01_2018.06.22 10_27_15.jpg,弓纱,1577,79,1701,1710
J01_2018.06.25 08_58_29.jpg,弓纱,1932,28,2018,1902
J01_2018.06.27 14_16_56.jpg,弓纱,1338,8,1378,550
J01_2018.06.22 14_07_50.jpg,愣断,1112,336,1180,502
J01_2018.06.25 13_48_32.jpg,愣断,1582,818,1618,1022
J01_2018.06.19 14_26_40.jpg,扎梳,31,619,2533,1131
J01_2018.06.20 15_06_52.jpg,扎梳,549,17,740,1893
J01_2018.06.20 15_07_22.jpg,扎梳,886,2,1098,1527
J01_2018.06.13 13_58_14.jpg,扎洞,1342,1210,1481,1349
J01_2018.06.13 14_20_28.jpg,扎洞,2235,1132,2300,1446
J01_2018.06.17 09_06_30.jpg,扎洞,377,32,503,1898
J01_2018.06.17 13_37_23.jpg,扎洞,805,204,2055,1204
J01_2018.06.19 08_41_39.jpg,扎洞,537,98,660,225
J01_2018.06.19 08_56_18.jpg,扎洞,1577,39,1664,971
J01_2018.06.19 09_01_28.jpg,扎洞,972,651,1087,744
J01_2018.06.19 09_02_03.jpg,扎洞,1232,736,1298,804
J01_2018.06.19 09_06_26.jpg,扎洞,272,785,372,1168
J01_2018.06.19 09_07_19.jpg,扎洞,351,826,450,1040
J01_2018.06.19 09_33_51.jpg,扎洞,1596,691,2528,1214
J01_2018.06.19 09_34_11.jpg,扎洞,1647,672,1760,790
J01_2018.06.19 09_46_57.jpg,扎洞,2072,276,2198,842
J01_2018.06.19 09_47_41.jpg,扎洞,1848,284,1945,910
J01_2018.06.19 14_04_30.jpg,扎洞,1081,191,1581,716
J01_2018.06.19 14_06_36.jpg,扎洞,878,21,1086,1796
J01_2018.06.19 14_07_09.jpg,扎洞,1236,768,1352,1026
J01_2018.06.20 08_56_04.jpg,扎洞,1418,139,1579,1129
J01_2018.06.20 08_56_50.jpg,扎洞,1671,39,1805,261
J01_2018.06.20 08_58_20.jpg,扎洞,1308,73,1532,1863
J01_2018.06.20 08_58_40.jpg,扎洞,1447,266,1642,1839
J01_2018.06.20 08_59_01.jpg,扎洞,1627,71,1766,1822
J01_2018.06.20 15_02_55.jpg,扎洞,278,105,427,1888
J01_2018.06.20 15_03_19.jpg,扎洞,122,13,247,800
J01_2018.06.20 15_10_18.jpg,扎洞,1366,24,1535,1873
J01_2018.06.22 09_39_34.jpg,扎洞,1323,640,1415,1146
J01_2018.06.22 10_14_23.jpg,扎洞,1997,460,2307,1002
J01_2018.06.22 14_24_00.jpg,扎洞,1347,196,1435,318
J01_2018.06.22 14_25_59.jpg,扎洞,2287,10,2471,1786
J01_2018.06.22 14_57_28.jpg,扎洞,1783,18,1891,1888
J01_2018.06.22 14_58_08.jpg,扎洞,2089,60,2343,1872
J01_2018.06.22 14_58_44.jpg,扎洞,207,22,363,1850
J01_2018.06.22 15_12_15.jpg,扎洞,65,680,275,898
J01_2018.06.22 15_17_59.jpg,扎洞,1223,6,1771,1842
J01_2018.06.23 08_58_06.jpg,扎洞,104,8,258,1904
J01_2018.06.23 09_33_05.jpg,扎洞,258,406,375,1611
J01_2018.06.23 10_46_42.jpg,扎洞,738,51,868,1906
J01_2018.06.23 10_46_52.jpg,扎洞,790,21,995,1899
J01_2018.06.25 13_32_20.jpg,扎洞,838,84,1171,869
J01_2018.06.26 09_14_41.jpg,扎洞,922,94,1024,208
J01_2018.06.26 14_07_03.jpg,扎洞,50,1434,202,1642
J01_2018.06.27 09_14_49.jpg,扎洞,2024,502,2096,1402
J01_2018.06.27 13_30_56.jpg,扎洞,1203,464,1451,904
J01_2018.06.28 13_29_44.jpg,扎洞,498,88,586,408
J01_2018.06.28 13_30_06.jpg,扎洞,863,1,1081,1904
J01_2018.06.28 13_43_53.jpg,扎洞,1,39,772,212
J01_2018.06.28 14_54_13.jpg,扎洞,636,332,702,412
J01_2018.06.28 15_44_32.jpg,扎洞,1806,1,1983,749
J01_2018.06.17 15_30_49.jpg,扎纱,1853,132,1993,1592
J01_2018.06.16 10_31_49.jpg,擦伤,1474,966,1576,1088
J01_2018.06.17 14_15_49.jpg,擦伤,1009,140,1541,422
J01_2018.06.17 14_09_15.jpg,擦毛,894,786,1363,1242
J01_2018.06.17 14_09_41.jpg,擦毛,946,344,1629,1306
J01_2018.06.13 13_17_04.jpg,擦洞,1337,841,1444,968
J01_2018.06.13 13_33_53.jpg,擦洞,1788,410,1862,485
J01_2018.06.16 08_49_07.jpg,擦洞,1254,888,1327,956
J01_2018.06.16 09_16_05.jpg,擦洞,881,662,951,738
J01_2018.06.16 09_40_54.jpg,擦洞,1717,1341,1794,1413
J01_2018.06.16 09_45_50.jpg,擦洞,1186,522,1296,627
J01_2018.06.16 10_11_28.jpg,擦洞,1261,507,1363,580
J01_2018.06.16 10_29_42.jpg,擦洞,419,1000,499,1087
J01_2018.06.17 13_22_33.jpg,擦洞,467,704,607,816
J01_2018.06.17 13_28_58.jpg,擦洞,445,392,533,474
J01_2018.06.17 13_33_05.jpg,擦洞,1109,262,1677,1022
J01_2018.06.17 15_40_14.jpg,擦洞,701,777,934,955
J01_2018.06.19 09_31_46.jpg,擦洞,433,164,827,1592
J01_2018.06.19 09_36_31.jpg,擦洞,823,284,985,1788
J01_2018.06.19 09_37_11.jpg,擦洞,1197,746,1317,860
J01_2018.06.19 09_37_35.jpg,擦洞,567,720,665,826
J01_2018.06.19 10_03_48.jpg,擦洞,1791,1090,1921,1794
J01_2018.06.19 10_04_06.jpg,擦洞,749,378,1027,1744
J01_2018.06.19 10_05_24.jpg,擦洞,637,794,733,876
J01_2018.06.19 10_09_11.jpg,擦洞,1349,616,1419,730
J01_2018.06.19 10_10_24.jpg,擦洞,1259,40,1409,198
J01_2018.06.19 13_26_43.jpg,擦洞,1473,777,1539,854
J01_2018.06.19 14_00_57.jpg,擦洞,1181,734,1321,866
J01_2018.06.19 14_02_37.jpg,擦洞,1061,526,1233,718
J01_2018.06.19 14_03_40.jpg,擦洞,1529,202,1681,360
J01_2018.06.19 14_14_43.jpg,擦洞,1237,354,1565,544
J01_2018.06.19 14_27_23.jpg,擦洞,1411,116,1529,234
J01_2018.06.19 14_55_27.jpg,擦洞,2151,410,2237,566
J01_2018.06.19 15_45_28.jpg,擦洞,905,194,1295,764
J01_2018.06.20 08_47_50.jpg,擦洞,998,837,1061,924
J01_2018.06.20 08_59_55.jpg,擦洞,2096,660,2326,913
J01_2018.06.20 09_04_28.jpg,擦洞,1405,700,1535,834
J01_2018.06.20 09_04_50.jpg,擦洞,1474,395,1598,547
J01_2018.06.20 15_13_00.jpg,擦洞,1740,139,1888,275
J01_2018.06.20 15_31_36.jpg,擦洞,1779,980,1962,1068
J01_2018.06.22 08_42_05.jpg,擦洞,621,22,877,1660
J01_2018.06.22 08_42_20.jpg,擦洞,1113,138,1217,240
J01_2018.06.22 09_33_06.jpg,擦洞,1389,598,1487,678
J01_2018.06.22 09_37_59.jpg,擦洞,1869,190,1999,354
J01_2018.06.22 09_43_49.jpg,擦洞,1235,622,1365,730
J01_2018.06.22 09_44_49.jpg,擦洞,577,468,699,558
J01_2018.06.22 15_08_12.jpg,擦洞,283,50,2087,664
J01_2018.06.22 15_09_38.jpg,擦洞,213,552,605,892
J01_2018.06.22 15_14_59.jpg,擦洞,1105,204,1191,298
J01_2018.06.22 16_10_16.jpg,擦洞,1135,150,1305,308
J01_2018.06.23 09_46_29.jpg,擦洞,436,1219,591,1366
J01_2018.06.23 09_49_18.jpg,擦洞,1214,1320,1466,1512
J01_2018.06.23 10_06_12.jpg,擦洞,326,1571,458,1696
J01_2018.06.23 10_13_19.jpg,擦洞,981,666,1027,724
J01_2018.06.23 10_13_58.jpg,擦洞,1219,819,1312,960
J01_2018.06.23 10_39_26.jpg,擦洞,1208,1011,1331,1131
J01_2018.06.23 10_39_39.jpg,擦洞,1376,384,1486,501
J01_2018.06.23 10_43_23.jpg,擦洞,302,558,373,645
J01_2018.06.23 13_42_08.jpg,擦洞,652,171,707,233
J01_2018.06.23 13_43_35.jpg,擦洞,1563,1051,1668,1154
J01_2018.06.23 14_09_20.jpg,擦洞,1238,1074,1366,1216
J01_2018.06.25 09_56_17.jpg,擦洞,2013,1206,2088,1301
J01_2018.06.25 09_56_33.jpg,擦洞,2098,576,2175,664
J01_2018.06.25 10_10_21.jpg,擦洞,362,320,472,512
J01_2018.06.25 13_12_51.jpg,擦洞,1335,149,1475,304
J01_2018.06.25 13_16_27.jpg,擦洞,1125,456,1255,579
J01_2018.06.25 13_19_33.jpg,擦洞,725,254,935,411
J01_2018.06.25 13_23_00.jpg,擦洞,969,1355,1072,1459
J01_2018.06.25 13_35_24.jpg,擦洞,1527,1233,1577,1282
J01_2018.06.25 13_37_20.jpg,擦洞,1275,928,1329,990
J01_2018.06.25 13_40_29.jpg,擦洞,1322,586,1394,670
J01_2018.06.25 13_47_09.jpg,擦洞,2272,1149,2321,1200
J01_2018.06.25 14_10_16.jpg,擦洞,408,79,980,424
J01_2018.06.25 14_24_45.jpg,擦洞,1977,1238,2090,1434
J01_2018.06.25 14_27_06.jpg,擦洞,2150,1019,2258,1174
J01_2018.06.25 14_28_01.jpg,擦洞,2203,1264,2300,1406
J01_2018.06.25 14_36_14.jpg,擦洞,692,990,932,1056
J01_2018.06.25 14_44_10.jpg,擦洞,1792,1428,1849,1488
J01_2018.06.25 14_45_50.jpg,擦洞,1124,634,1188,692
J01_2018.06.25 14_47_30.jpg,擦洞,1258,464,1560,954
J01_2018.06.25 14_47_42.jpg,擦洞,1065,941,1288,1269
J01_2018.06.25 14_55_02.jpg,擦洞,1380,104,1605,356
J01_2018.06.25 15_36_37.jpg,擦洞,2169,185,2232,245
J01_2018.06.26 09_59_12.jpg,擦洞,453,1016,563,1121
J01_2018.06.26 10_01_09.jpg,擦洞,2358,262,2450,430
J01_2018.06.26 10_08_37.jpg,擦洞,2376,1010,2454,1090
J01_2018.06.26 13_26_40.jpg,擦洞,918,980,962,1034
J01_2018.06.26 13_38_26.jpg,擦洞,1090,156,1140,208
J01_2018.06.26 13_41_06.jpg,擦洞,1161,834,1341,1081
J01_2018.06.26 14_17_04.jpg,擦洞,1716,1497,1754,1536
J01_2018.06.26 14_23_51.jpg,擦洞,972,1418,1152,1562
J01_2018.06.26 15_19_47.jpg,擦洞,1482,1200,1552,1274
J01_2018.06.26 15_32_15.jpg,擦洞,456,10,570,1590
J01_2018.06.26 15_45_32.jpg,擦洞,1292,1130,1394,1248
J01_2018.06.26 15_50_18.jpg,擦洞,1124,1480,1210,1570
J01_2018.06.26 15_59_13.jpg,擦洞,1196,58,1332,202
J01_2018.06.26 15_59_31.jpg,擦洞,1386,516,1456,580
J01_2018.06.27 08_54_36.jpg,擦洞,1551,7,1746,449
J01_2018.06.27 09_00_27.jpg,擦洞,1386,840,1430,892
J01_2018.06.27 13_10_55.jpg,擦洞,502,1190,568,1252
J01_2018.06.27 13_13_19.jpg,擦洞,2134,580,2210,662
J01_2018.06.27 13_27_05.jpg,擦洞,1511,54,1656,840
J01_2018.06.27 13_36_16.jpg,擦洞,1584,52,1656,152
J01_2018.06.27 13_41_04.jpg,擦洞,536,1158,668,1252
J01_2018.06.27 13_41_40.jpg,擦洞,1932,580,1976,644
J01_2018.06.27 13_43_52.jpg,擦洞,1386,1000,1450,1078
J01_2018.06.27 13_45_32.jpg,擦洞,2276,840,2342,970
J01_2018.06.27 13_47_56.jpg,擦洞,654,140,748,264
J01_2018.06.27 14_06_07.jpg,擦洞,280,92,368,176
J01_2018.06.27 14_32_10.jpg,擦洞,1882,872,1952,938
J01_2018.06.27 14_54_59.jpg,擦洞,980,116,1144,276
J01_2018.06.27 14_56_26.jpg,擦洞,773,144,938,724
J01_2018.06.28 13_24_41.jpg,擦洞,261,44,358,154
J01_2018.06.28 13_26_33.jpg,擦洞,41,904,113,1104
J01_2018.06.28 13_27_53.jpg,擦洞,36,890,94,1004
J01_2018.06.28 13_33_09.jpg,擦洞,238,356,583,764
J01_2018.06.28 13_46_22.jpg,擦洞,608,1172,662,1290
J01_2018.06.28 13_46_52.jpg,擦洞,782,128,1166,302
J01_2018.06.28 14_15_16.jpg,擦洞,556,736,694,806
J01_2018.06.28 14_26_44.jpg,擦洞,2260,690,2352,764
J01_2018.06.28 14_28_32.jpg,擦洞,1284,66,1418,150
J01_2018.06.28 14_37_45.jpg,擦洞,1436,218,1854,376
J01_2018.06.28 15_02_16.jpg,擦洞,1414,386,1463,437
J01_2018.06.28 15_09_24.jpg,擦洞,343,186,501,694
J01_2018.06.28 15_10_04.jpg,擦洞,749,962,807,1043
J01_2018.06.28 15_28_26.jpg,擦洞,1258,834,1384,938
J01_2018.06.28 15_28_59.jpg,擦洞,394,689,496,779
J01_2018.06.28 15_48_53.jpg,擦洞,1442,752,1508,834
J01_2018.06.19 13_41_55.jpg,明嵌线,1004,407,1050,1896
J01_2018.06.17 10_09_02.jpg,楞断,827,666,1043,758
J01_2018.06.19 15_07_35.jpg,楞断,635,329,1156,381
J01_2018.06.20 14_23_36.jpg,楞断,1229,806,1331,877
J01_2018.06.22 15_21_27.jpg,楞断,1347,948,1493,1022
J01_2018.06.16 08_47_24.jpg,毛斑,1194,1016,1360,1116
J01_2018.06.16 09_20_23.jpg,毛斑,427,900,678,1083
J01_2018.06.17 09_12_53.jpg,毛斑,1045,894,1249,1068
J01_2018.06.17 09_13_36.jpg,毛斑,1303,1074,1459,1174
J01_2018.06.17 09_18_21.jpg,毛斑,1191,670,1289,772
J01_2018.06.17 09_59_44.jpg,毛斑,1371,390,1489,542
J01_2018.06.17 13_19_56.jpg,毛斑,867,578,969,686
J01_2018.06.17 14_39_12.jpg,毛斑,1083,622,1181,690
J01_2018.06.17 14_49_55.jpg,毛斑,585,334,681,444
J01_2018.06.17 15_07_12.jpg,毛斑,1267,578,1417,768
J01_2018.06.17 15_18_58.jpg,毛斑,714,1381,831,1526
J01_2018.06.17 15_37_43.jpg,毛斑,601,752,759,928
J01_2018.06.19 14_11_57.jpg,毛斑,235,613,347,687
J01_2018.06.19 14_28_57.jpg,毛斑,1664,199,1785,310
J01_2018.06.19 14_58_10.jpg,毛斑,1269,483,1413,595
J01_2018.06.19 14_59_03.jpg,毛斑,1951,693,2108,806
J01_2018.06.19 15_22_52.jpg,毛斑,1080,659,1363,873
J01_2018.06.20 14_29_06.jpg,毛斑,1239,552,1363,671
J01_2018.06.20 14_31_49.jpg,毛斑,1827,795,1982,911
J01_2018.06.20 15_16_45.jpg,毛斑,1703,5,1808,107
J01_2018.06.20 15_24_26.jpg,毛斑,1155,228,1292,341
J01_2018.06.20 15_47_38.jpg,毛斑,911,602,979,685
J01_2018.06.20 15_48_10.jpg,毛斑,1464,726,1545,991
J01_2018.06.22 08_44_40.jpg,毛斑,941,192,1417,548
J01_2018.06.22 09_48_25.jpg,毛斑,858,631,992,795
J01_2018.06.23 10_11_43.jpg,毛斑,713,1099,823,1239
J01_2018.06.25 13_58_18.jpg,毛斑,466,876,578,966
J01_2018.06.25 15_14_04.jpg,毛斑,870,84,964,134
J01_2018.06.25 15_42_40.jpg,毛斑,1244,1279,1429,1398
J01_2018.06.26 13_28_17.jpg,毛斑,2444,1390,2520,1472
J01_2018.06.26 13_37_00.jpg,毛斑,1589,780,1700,838
J01_2018.06.26 14_50_04.jpg,毛斑,1722,410,1826,520
J01_2018.06.27 15_20_25.jpg,毛斑,332,1504,432,1594
J01_2018.06.28 13_49_03.jpg,毛斑,1994,914,2110,1036
J01_2018.06.28 15_42_09.jpg,毛斑,1340,1160,1418,1222
J01_2018.06.13 14_08_09.jpg,毛洞,1481,793,1627,928
J01_2018.06.16 08_54_07.jpg,毛洞,1507,946,1812,1580
J01_2018.06.16 10_20_43.jpg,毛洞,1515,634,1659,841
J01_2018.06.16 10_21_06.jpg,毛洞,1641,395,1795,683
J01_2018.06.17 09_34_10.jpg,毛洞,1327,606,1527,914
J01_2018.06.17 09_54_07.jpg,毛洞,1477,58,1881,652
J01_2018.06.17 13_54_48.jpg,毛洞,881,403,957,487
J01_2018.06.17 14_23_57.jpg,毛洞,501,242,593,434
J01_2018.06.19 09_10_55.jpg,毛洞,2422,729,2505,964
J01_2018.06.19 09_43_45.jpg,毛洞,1665,141,1865,406
J01_2018.06.19 09_44_42.jpg,毛洞,1485,999,1622,1161
J01_2018.06.19 10_18_16.jpg,毛洞,1360,668,1477,990
J01_2018.06.19 13_34_07.jpg,毛洞,322,984,442,1189
J01_2018.06.19 13_34_19.jpg,毛洞,297,444,430,656
J01_2018.06.19 13_34_33.jpg,毛洞,320,654,432,799
J01_2018.06.19 14_45_15.jpg,毛洞,475,660,560,793
J01_2018.06.19 15_05_48.jpg,毛洞,1252,439,1407,631
J01_2018.06.19 15_43_00.jpg,毛洞,2151,1101,2245,1209
J01_2018.06.19 15_43_39.jpg,毛洞,2216,954,2309,1061
J01_2018.06.20 14_51_33.jpg,毛洞,1443,466,1553,607
J01_2018.06.20 15_04_34.jpg,毛洞,1596,663,2296,1317
J01_2018.06.22 08_39_09.jpg,毛洞,1407,80,1545,236
J01_2018.06.22 10_19_33.jpg,毛洞,1049,906,1191,1126
J01_2018.06.22 10_19_57.jpg,毛洞,993,512,1113,650
J01_2018.06.22 10_20_15.jpg,毛洞,1005,978,1117,1102
J01_2018.06.23 09_27_40.jpg,毛洞,1384,738,1552,862
J01_2018.06.23 09_30_53.jpg,毛洞,874,731,1017,855
J01_2018.06.23 10_00_05.jpg,毛洞,1334,54,1410,130
J01_2018.06.23 10_32_29.jpg,毛洞,891,154,1048,271
J01_2018.06.23 13_17_49.jpg,毛洞,1783,54,1868,146
J01_2018.06.23 13_31_49.jpg,毛洞,1696,351,1833,519
J01_2018.06.23 13_33_49.jpg,毛洞,2318,1069,2433,1186
J01_2018.06.25 10_27_33.jpg,毛洞,1031,384,1543,1014
J01_2018.06.25 13_25_56.jpg,毛洞,1721,1379,1976,1816
J01_2018.06.25 14_38_39.jpg,毛洞,241,1059,346,1271
J01_2018.06.25 14_38_54.jpg,毛洞,1203,1076,1376,1269
J01_2018.06.25 14_57_28.jpg,毛洞,1313,824,1368,888
J01_2018.06.26 13_51_45.jpg,毛洞,1293,726,1573,1006
J01_2018.06.26 15_17_43.jpg,毛洞,803,882,872,943
J01_2018.06.27 09_37_28.jpg,毛洞,1648,508,1730,604
J01_2018.06.27 09_39_30.jpg,毛洞,820,432,926,524
J01_2018.06.27 10_17_16.jpg,毛洞,1088,771,1248,956
J01_2018.06.27 15_01_12.jpg,毛洞,1564,1062,1678,1194
J01_2018.06.27 15_04_21.jpg,毛洞,1418,609,1538,754
J01_2018.06.27 15_04_47.jpg,毛洞,1013,891,1098,999
J01_2018.06.27 15_04_56.jpg,毛洞,970,949,1093,1084
J01_2018.06.27 15_05_14.jpg,毛洞,843,884,938,986
J01_2018.06.27 15_06_24.jpg,毛洞,1430,94,1498,164
J01_2018.06.28 13_40_47.jpg,毛洞,1322,332,1464,604
J01_2018.06.28 14_30_48.jpg,毛洞,702,534,810,702
J01_2018.06.28 15_20_44.jpg,毛洞,1272,848,1358,952
J01_2018.06.28 15_20_57.jpg,毛洞,1194,434,1284,538
J01_2018.06.28 15_24_35.jpg,毛洞,1018,346,1158,446
J01_2018.06.17 09_23_49.jpg,毛粒,383,932,463,1000
J01_2018.06.16 09_08_48.jpg,污渍,1437,124,2278,1429
J01_2018.06.16 09_22_59.jpg,污渍,1156,849,1308,1015
J01_2018.06.17 09_01_32.jpg,污渍,375,802,685,1196
J01_2018.06.17 13_44_50.jpg,污渍,775,644,955,1102
J01_2018.06.17 13_56_05.jpg,污渍,423,36,1185,628
J01_2018.06.17 14_26_00.jpg,污渍,1681,452,2011,1040
J01_2018.06.17 15_01_46.jpg,污渍,143,474,681,784
J01_2018.06.17 15_03_05.jpg,污渍,1077,150,1883,1086
J01_2018.06.22 14_26_50.jpg,污渍,1305,8,2539,902
J01_2018.06.26 13_35_03.jpg,污渍,976,343,1216,558
J01_2018.06.26 13_39_50.jpg,污渍,1121,1164,1798,1459
J01_2018.06.27 14_58_32.jpg,污渍,234,684,772,1124
J01_2018.06.13 13_53_54.jpg,油渍,1113,812,1598,1273
J01_2018.06.17 10_17_59.jpg,油渍,837,712,1481,1228
J01_2018.06.17 10_27_00.jpg,油渍,366,443,826,1272
J01_2018.06.17 13_30_45.jpg,油渍,633,568,2057,1110
J01_2018.06.17 13_45_58.jpg,油渍,887,282,1015,426
J01_2018.06.17 13_56_56.jpg,油渍,538,302,1104,462
J01_2018.06.19 13_17_50.jpg,油渍,2030,989,2210,1181
J01_2018.06.20 14_18_21.jpg,油渍,1035,341,1366,536
J01_2018.06.20 15_22_10.jpg,油渍,1071,668,1252,907
J01_2018.06.20 15_22_17.jpg,油渍,1230,715,1603,1310
J01_2018.06.20 15_22_27.jpg,油渍,1398,785,1623,1024
J01_2018.06.22 08_52_01.jpg,油渍,627,338,781,530
J01_2018.06.22 09_35_55.jpg,油渍,917,902,1123,1080
J01_2018.06.13 14_39_40.jpg,破洞,1583,1185,1710,1344
J01_2018.06.17 13_47_39.jpg,破洞,1243,246,1415,1030
J01_2018.06.17 13_47_50.jpg,破洞,1681,746,2139,1088
J01_2018.06.17 13_48_20.jpg,破洞,1191,1024,1497,1382
J01_2018.06.16 10_19_42.jpg,破边,217,151,807,1729
J01_2018.06.17 15_04_15.jpg,破边,2333,870,2505,1142
J01_2018.06.19 15_15_50.jpg,破边,122,869,527,1649
J01_2018.06.26 08_52_30.jpg,破边,2001,986,2248,1396
J01_2018.06.26 09_08_12.jpg,破边,2003,886,2341,1666
J01_2018.06.27 13_08_36.jpg,破边,261,566,963,1286
J01_2018.06.28 13_42_07.jpg,破边,1768,1254,2154,1920
J01_2018.06.19 08_58_24.jpg,粗纱,1313,902,1892,957
J01_2018.06.22 09_03_24.jpg,粗纱,1119,932,1453,1016
J01_2018.06.23 09_16_50.jpg,粗纱,184,761,1109,804
J01_2018.06.25 14_53_38.jpg,粗纱,996,276,1424,324
J01_2018.06.19 09_17_45.jpg,紧纱,71,193,2090,258
J01_2018.06.13 14_30_18.jpg,纬粗纱,1489,1087,1596,1162
J01_2018.06.17 15_52_19.jpg,线印,1061,20,1375,1890
J01_2018.06.28 15_45_45.jpg,线印,600,60,1680,746
J01_2018.06.16 08_57_28.jpg,织入,1830,605,2443,680
J01_2018.06.17 14_23_00.jpg,织入,385,644,557,740
J01_2018.06.19 14_10_00.jpg,织入,2253,811,2408,906
J01_2018.06.22 14_46_53.jpg,织入,961,150,1451,244
J01_2018.06.13 13_35_29.jpg,织稀,1463,461,2124,562
J01_2018.06.13 14_42_43.jpg,织稀,1267,1078,2539,1176
J01_2018.06.16 09_31_03.jpg,织稀,605,189,1792,325
J01_2018.06.16 10_00_21.jpg,织稀,1884,323,2055,399
J01_2018.06.16 10_37_23.jpg,织稀,2227,674,2342,1113
J01_2018.06.17 09_48_01.jpg,织稀,1208,885,1849,963
J01_2018.06.17 13_10_30.jpg,织稀,1243,620,1819,716
J01_2018.06.17 13_11_37.jpg,织稀,603,902,2379,958
J01_2018.06.17 13_13_26.jpg,织稀,801,616,2273,704
J01_2018.06.17 13_14_44.jpg,织稀,1105,952,1681,1050
J01_2018.06.17 14_29_27.jpg,织稀,211,662,1471,736
J01_2018.06.17 14_37_09.jpg,织稀,1247,532,1563,632
J01_2018.06.17 15_11_07.jpg,织稀,1445,188,2288,301
J01_2018.06.17 15_24_56.jpg,织稀,1035,819,1534,900
J01_2018.06.17 15_46_18.jpg,织稀,1184,1113,1590,1167
J01_2018.06.19 13_39_24.jpg,织稀,24,665,2111,767
J01_2018.06.19 13_53_08.jpg,织稀,148,781,576,1101
J01_2018.06.19 13_56_21.jpg,织稀,1058,571,1988,721
J01_2018.06.19 14_18_31.jpg,织稀,1267,1037,1525,1236
J01_2018.06.19 14_20_23.jpg,织稀,1404,504,1501,665
J01_2018.06.19 14_35_12.jpg,织稀,915,321,2085,391
J01_2018.06.19 15_08_05.jpg,织稀,1446,887,1693,1000
J01_2018.06.19 15_44_50.jpg,织稀,2175,838,2344,1011
J01_2018.06.20 14_41_34.jpg,织稀,671,731,2023,848
J01_2018.06.20 14_46_37.jpg,织稀,1285,1090,1675,1169
J01_2018.06.20 14_47_31.jpg,织稀,1098,814,2304,909
J01_2018.06.20 14_59_17.jpg,织稀,1095,132,1276,206
J01_2018.06.22 09_12_32.jpg,织稀,4,520,617,630
J01_2018.06.22 10_10_55.jpg,织稀,1062,320,1321,425
J01_2018.06.22 10_25_50.jpg,织稀,1323,75,1579,162
J01_2018.06.22 10_33_59.jpg,织稀,9,348,2541,498
J01_2018.06.22 14_30_47.jpg,织稀,258,213,376,307
J01_2018.06.22 14_42_11.jpg,织稀,1202,691,1407,844
J01_2018.06.23 09_44_34.jpg,织稀,852,1126,1053,1177
J01_2018.06.23 10_01_06.jpg,织稀,356,1505,1909,1573
J01_2018.06.25 10_16_03.jpg,织稀,2072,816,2127,1635
J01_2018.06.25 14_17_40.jpg,织稀,96,1114,2142,1202
J01_2018.06.25 14_34_33.jpg,织稀,1079,277,1408,352
J01_2018.06.25 14_37_24.jpg,织稀,1160,143,1791,216
J01_2018.06.25 15_26_02.jpg,织稀,1026,386,2138,450
J01_2018.06.26 09_21_48.jpg,织稀,13,1507,2553,1620
J01_2018.06.26 09_22_36.jpg,织稀,1,1466,2546,1611
J01_2018.06.26 10_06_03.jpg,织稀,4,1226,2556,1324
J01_2018.06.26 13_43_20.jpg,织稀,1016,674,1156,764
J01_2018.06.26 13_47_07.jpg,织稀,290,266,2390,374
J01_2018.06.26 13_48_12.jpg,织稀,1242,1170,2284,1232
J01_2018.06.26 13_54_57.jpg,织稀,1116,294,1384,398
J01_2018.06.26 14_41_02.jpg,织稀,1162,450,1484,518
J01_2018.06.27 08_56_13.jpg,织稀,1782,848,2043,912
J01_2018.06.27 09_26_50.jpg,织稀,324,1012,536,1074
J01_2018.06.27 13_43_12.jpg,织稀,572,744,2560,828
J01_2018.06.27 14_35_58.jpg,织稀,1,386,2554,624
J01_2018.06.28 14_42_36.jpg,织稀,4,570,2558,656
J01_2018.06.17 09_40_22.jpg,经粗纱,1913,228,1981,1148
J01_2018.06.17 13_52_47.jpg,经粗纱,751,178,789,1461
J01_2018.06.22 09_13_17.jpg,经跳花,593,2,685,1908
J01_2018.06.22 09_14_01.jpg,经跳花,587,12,691,1904
J01_2018.06.22 09_01_47.jpg,结洞,1171,682,1247,758
J01_2018.06.13 14_12_05.jpg,缺纬,125,856,491,973
J01_2018.06.16 09_17_00.jpg,缺纬,335,618,724,672
J01_2018.06.16 09_35_26.jpg,缺纬,2263,495,2403,822
J01_2018.06.17 10_10_53.jpg,缺纬,29,370,2555,484
J01_2018.06.17 15_06_03.jpg,缺纬,342,473,1469,542
J01_2018.06.17 15_07_25.jpg,缺纬,27,600,2527,700
J01_2018.06.17 15_09_01.jpg,缺纬,507,292,2509,380
J01_2018.06.19 13_23_53.jpg,缺纬,32,767,2543,904
J01_2018.06.20 15_17_51.jpg,缺纬,10,1031,2544,1185
J01_2018.06.22 13_52_43.jpg,缺纬,9,30,2549,296
J01_2018.06.22 14_21_10.jpg,缺纬,7,16,2550,1072
J01_2018.06.22 14_22_05.jpg,缺纬,11,1688,2531,1782
J01_2018.06.23 13_21_18.jpg,缺纬,8,1010,2552,1045
J01_2018.06.23 13_55_17.jpg,缺纬,842,1101,2555,1166
J01_2018.06.13 14_49_38.jpg,缺经,1116,401,1173,930
J01_2018.06.16 10_28_17.jpg,缺经,1415,96,1507,1320
J01_2018.06.17 13_59_44.jpg,缺经,351,564,441,661
J01_2018.06.17 14_02_49.jpg,缺经,1479,14,1555,1882
J01_2018.06.17 14_03_12.jpg,缺经,1487,16,1587,1910
J01_2018.06.17 14_19_24.jpg,缺经,1467,8,1530,1920
J01_2018.06.17 14_19_32.jpg,缺经,1949,18,2049,1908
J01_2018.06.17 14_21_05.jpg,缺经,934,389,1044,533
J01_2018.06.17 14_46_20.jpg,缺经,1176,711,1271,1898
J01_2018.06.17 15_53_18.jpg,缺经,1563,14,1731,1910
J01_2018.06.17 15_53_26.jpg,缺经,1693,6,1935,1914
J01_2018.06.17 15_53_35.jpg,缺经,1529,14,1627,1848
J01_2018.06.19 08_51_48.jpg,缺经,1245,19,1337,1871
J01_2018.06.19 10_34_08.jpg,缺经,1261,445,1328,1830
J01_2018.06.19 13_48_53.jpg,缺经,1027,327,1133,1730
J01_2018.06.19 15_17_31.jpg,缺经,822,24,912,1894
J01_2018.06.20 14_26_09.jpg,缺经,1328,15,1399,1914
J01_2018.06.20 14_26_32.jpg,缺经,1137,10,1281,1888
J01_2018.06.22 09_03_41.jpg,缺经,1915,6,2059,1902
J01_2018.06.22 09_05_21.jpg,缺经,807,6,893,1906
J01_2018.06.22 09_06_20.jpg,缺经,733,16,885,1786
J01_2018.06.22 09_07_51.jpg,缺经,941,2,1011,1852
J01_2018.06.22 09_08_29.jpg,缺经,1171,8,1235,1910
J01_2018.06.22 10_24_03.jpg,缺经,1777,468,1869,1228
J01_2018.06.22 14_38_20.jpg,缺经,251,36,357,1878
J01_2018.06.22 15_51_07.jpg,缺经,1629,676,1724,1912
J01_2018.06.23 08_38_19.jpg,缺经,1802,12,1884,1498
J01_2018.06.23 08_38_27.jpg,缺经,1971,6,2031,1911
J01_2018.06.23 08_48_21.jpg,缺经,1269,3,1304,692
J01_2018.06.23 08_53_30.jpg,缺经,1954,14,2028,1111
J01_2018.06.23 09_01_32.jpg,缺经,1848,13,1926,1393
J01_2018.06.23 10_04_06.jpg,缺经,2245,9,2318,1906
J01_2018.06.23 10_24_19.jpg,缺经,9,964,2549,1067
J01_2018.06.26 08_59_21.jpg,缺经,280,6,378,1900
J01_2018.06.26 09_32_08.jpg,缺经,166,8,272,1892
J01_2018.06.26 14_25_32.jpg,缺经,2022,9,2106,1911
J01_2018.06.26 14_28_01.jpg,缺经,1972,560,2048,1808
J01_2018.06.26 15_09_07.jpg,缺经,1363,2,1420,927
J01_2018.06.27 08_42_14.jpg,缺经,982,1,1112,1902
J01_2018.06.27 08_42_58.jpg,缺经,1540,6,1648,1910
J01_2018.06.27 08_49_31.jpg,缺经,1850,8,1970,1910
J01_2018.06.27 09_08_23.jpg,缺经,2329,3,2407,1916
J01_2018.06.27 14_09_20.jpg,缺经,1442,10,1538,1916
J01_2018.06.20 08_43_24.jpg,耳朵,1132,656,1242,739
J01_2018.06.13 13_55_55.jpg,蒸呢印,1537,63,1674,1900
J01_2018.06.13 14_56_32.jpg,蒸呢印,445,1152,922,1656
J01_2018.06.13 13_19_45.jpg,跳花,1281,537,1344,820
J01_2018.06.13 13_43_44.jpg,跳花,1837,1214,1910,1573
J01_2018.06.13 13_48_07.jpg,跳花,1039,1307,1576,1397
J01_2018.06.13 14_41_19.jpg,跳花,2237,727,2534,847
J01_2018.06.13 14_45_45.jpg,跳花,1751,1214,1939,1282
J01_2018.06.16 09_30_15.jpg,跳花,207,834,376,1282
J01_2018.06.16 09_47_17.jpg,跳花,1285,1039,1465,1239
J01_2018.06.16 10_14_10.jpg,跳花,1380,156,1482,805
J01_2018.06.17 09_11_04.jpg,跳花,1037,396,1239,510
J01_2018.06.17 09_25_10.jpg,跳花,1133,574,1231,730
J01_2018.06.17 09_28_58.jpg,跳花,1293,240,1385,342
J01_2018.06.17 09_29_56.jpg,跳花,1125,818,1205,1124
J01_2018.06.17 10_03_10.jpg,跳花,1175,620,1415,726
J01_2018.06.17 10_05_15.jpg,跳花,1404,915,1490,1429
J01_2018.06.17 10_25_37.jpg,跳花,1409,40,1521,692
J01_2018.06.17 13_05_56.jpg,跳花,1100,453,1494,516
J01_2018.06.17 13_09_00.jpg,跳花,1405,1016,1627,1086
J01_2018.06.17 13_21_37.jpg,跳花,1178,11,1224,484
J01_2018.06.17 14_25_02.jpg,跳花,498,1392,857,1452
J01_2018.06.19 09_19_12.jpg,跳花,1335,888,1420,988
J01_2018.06.19 09_19_43.jpg,跳花,1520,849,1654,948
J01_2018.06.19 13_46_18.jpg,跳花,1572,549,1705,664
J01_2018.06.19 15_30_48.jpg,跳花,1129,7,1196,1891
J01_2018.06.19 15_31_10.jpg,跳花,992,1,1053,1898
J01_2018.06.19 15_48_41.jpg,跳花,946,569,1055,661
J01_2018.06.20 08_55_07.jpg,跳花,874,99,962,528
J01_2018.06.20 09_06_36.jpg,跳花,920,332,1091,515
J01_2018.06.22 08_37_48.jpg,跳花,1573,15,1633,289
J01_2018.06.22 10_38_20.jpg,跳花,591,90,785,1026
J01_2018.06.22 13_56_03.jpg,跳花,1395,624,1505,1900
J01_2018.06.22 13_56_32.jpg,跳花,1263,466,1357,918
J01_2018.06.22 13_57_26.jpg,跳花,1115,164,1213,1328
J01_2018.06.22 15_47_58.jpg,跳花,8,1650,2546,1777
J01_2018.06.22 16_08_43.jpg,跳花,1185,682,1263,748
J01_2018.06.23 09_07_22.jpg,跳花,1110,683,2554,1559
J01_2018.06.23 09_07_48.jpg,跳花,20,1084,789,1151
J01_2018.06.23 14_01_01.jpg,跳花,1480,1,1527,1537
J01_2018.06.25 10_13_06.jpg,跳花,992,371,1372,411
J01_2018.06.25 13_42_43.jpg,跳花,1221,392,1748,459
J01_2018.06.25 13_50_53.jpg,跳花,1398,40,1462,102
J01_2018.06.25 15_00_26.jpg,跳花,1775,281,1823,370
J01_2018.06.25 15_16_09.jpg,跳花,720,1303,761,1398
J01_2018.06.25 15_17_24.jpg,跳花,1605,1453,1701,1509
J01_2018.06.25 15_32_58.jpg,跳花,1416,1344,1463,1916
J01_2018.06.25 15_34_00.jpg,跳花,1306,206,1354,1450
J01_2018.06.25 15_38_21.jpg,跳花,1121,725,1178,772
J01_2018.06.25 15_41_36.jpg,跳花,739,428,802,768
J01_2018.06.26 09_18_08.jpg,跳花,2277,27,2373,725
J01_2018.06.26 10_18_23.jpg,跳花,2389,20,2504,190
J01_2018.06.26 14_42_49.jpg,跳花,1288,1114,1368,1226
J01_2018.06.26 14_56_56.jpg,跳花,1306,192,1366,306
J01_2018.06.27 09_52_05.jpg,跳花,1212,6,1338,1918
J01_2018.06.27 13_18_34.jpg,跳花,1454,9,1530,865
J01_2018.06.27 13_46_56.jpg,跳花,746,222,827,455
J01_2018.06.28 14_34_05.jpg,跳花,1258,1594,1350,1873
J01_2018.06.28 14_50_09.jpg,跳花,546,1054,614,1844
J01_2018.06.28 15_05_49.jpg,跳花,1154,1111,1353,1218
J01_2018.06.28 15_16_50.jpg,跳花,2366,932,2504,1324
J01_2018.06.19 10_20_41.jpg,边扎洞,177,600,329,1316
J01_2018.06.19 10_20_52.jpg,边扎洞,281,208,455,1832
J01_2018.06.19 15_38_33.jpg,边扎洞,2185,184,2351,1864
J01_2018.06.23 08_40_57.jpg,边扎洞,216,74,312,1460
J01_2018.06.23 09_42_57.jpg,边扎洞,2170,264,2256,1738
J01_2018.06.26 08_50_20.jpg,边扎洞,1848,12,1941,1904
J01_2018.06.26 09_19_36.jpg,边扎洞,146,144,212,1242
J01_2018.06.26 09_27_06.jpg,边扎洞,131,168,288,1869
J01_2018.06.26 10_02_55.jpg,边扎洞,256,16,368,1914
J01_2018.06.26 15_28_04.jpg,边扎洞,231,649,344,1906
J01_2018.06.26 15_29_55.jpg,边扎洞,404,108,490,1342
J01_2018.06.26 15_33_21.jpg,边扎洞,408,172,496,1652
J01_2018.06.26 15_39_34.jpg,边扎洞,2117,17,2174,584
J01_2018.06.26 15_43_31.jpg,边扎洞,364,66,496,1896
J01_2018.06.27 08_52_34.jpg,边扎洞,2061,51,2142,1774
J01_2018.06.27 13_39_14.jpg,边扎洞,376,19,476,1876
J01_2018.06.13 14_10_24.jpg,边白印,2192,711,2330,1869
J01_2018.06.22 09_57_59.jpg,边缺纬,1764,92,2537,1888
J01_2018.06.22 09_59_03.jpg,边缺纬,1935,26,2553,1890
J01_2018.06.19 08_45_47.jpg,边缺经,134,139,204,1153
J01_2018.06.17 14_33_08.jpg,边针眼,311,1262,365,1856
J01_2018.06.17 15_23_27.jpg,边针眼,1924,1387,2001,1860
J01_2018.06.20 14_34_25.jpg,边针眼,185,765,255,989
J01_2018.06.20 14_34_45.jpg,边针眼,214,402,255,452
J01_2018.06.23 08_50_09.jpg,边针眼,200,27,295,1892
J01_2018.06.23 08_54_57.jpg,边针眼,336,9,443,1889
J01_2018.06.25 14_51_01.jpg,边针眼,2341,31,2459,1243
J01_2018.06.17 14_59_55.jpg,黄渍,1910,1153,2262,1781
J01_2018.06.17 15_29_01.jpg,黄渍,1143,366,1249,448
J01_2018.06.19 15_26_23.jpg,黄渍,1617,761,1690,834
J01_2018.06.22 14_02_55.jpg,黄渍,1159,858,1345,992
J01_2018.06.23 09_19_24.jpg,黄渍,973,654,1143,904